{"train/loss": 0.0004, "train/grad_norm": 0.015076830051839352, "train/learning_rate": 0.0, "train/epoch": 10.0, "train/global_step": 2170, "_timestamp": 1722123207.816829, "_runtime": 1350.6465289592743, "_step": 238, "eval/loss": 4.63221367681399e-05, "eval/runtime": 3.7653, "eval/samples_per_second": 57.898, "eval/steps_per_second": 7.436, "train_runtime": 1348.7646, "train_samples_per_second": 12.871, "train_steps_per_second": 1.609, "total_flos": 0.0, "train_loss": 0.05314726544665344, "_wandb": {"runtime": 1349}}