{"train/loss": 0.0014, "train/grad_norm": 0.15209895372390747, "train/learning_rate": 3.502994011976048e-05, "train/epoch": 4.6082949308755765, "train/global_step": 1000, "_timestamp": 1722121554.4766018, "_runtime": 618.3662679195404, "_step": 109, "eval/loss": 0.0003016693517565727, "eval/runtime": 1.028, "eval/samples_per_second": 212.062, "eval/steps_per_second": 27.237, "_wandb": {"runtime": 617}}